timestamp,x,y,z,vx,vy,vz
10.104042291641235,6.5,3.0,0.30854793737476105,-2.010783408905368e-05,-0.00011319764487218356,0.005691970401651726
10.30402660369873,6.499995978479432,2.9999773607313878,0.327806490203035,7.864255776563812e-05,-0.0003538223336836631,0.022716538345384688
10.504266738891602,6.500011706810102,2.999906597078466,0.3406388381718192,0.00024671303936371093,-0.0006611303618963087,0.03650064780608588
10.703260898590088,6.500061048850518,2.9997743725267303,0.3407901280521926,0.00034609899914664295,-0.0008575233258157318,0.022896802692613252
10.903839111328123,6.5001302678542965,2.9996028698339274,0.34536943592655756,0.00039261639757216116,-0.0011189252647110775,0.022844335374351293
11.10323929786682,6.500208790230768,2.9993790873545874,0.3499382504579484,0.0003005121608650009,-0.0013965539305079292,0.02285014746940094
11.304739952087402,-0.011649680228926762,-0.005374939712454285,0.3094282223631476,-1.3239540367481908,-0.6124814480523464,-0.038638122283668516
11.502963066101074,-0.27643744239688184,-0.12786982057516114,0.3017006867766458,-1.3240565874091876,-0.6124712542898245,-0.03867971200578277
11.705079555511476,-0.541245714461163,-0.2503626627088099,0.29396483334138024,-1.323850846473188,-0.6127143111434558,-0.03877451790017543
11.905035257339478,-0.806012838811462,-0.37290411565413817,0.28621001894529596,-1.3237231049907756,-0.6127377492032423,-0.03894981073970913
12.103034019470217,-1.0707544151590924,-0.49545025615751465,0.27842014638449003,-1.3238913989651389,-0.612920058366429,-0.03912466034831774
12.303911685943604,-1.3355296499145082,-0.6180328580742054,0.27059530430412804,-1.3237084032861843,-0.613210981395579,-0.039213129417917346
12.505696773529053,-1.6002682859550352,-0.7406736439275838,0.2627527686133308,-1.3239005223151463,-0.6132136160481868,-0.039125788366694086
12.703971147537231,-1.8650453453594682,-0.863314956705424,0.25492770093188805,-1.3242067318314723,-0.613249468639936,-0.03892759964909969
12.903651475906372,-2.129883645962864,-0.9859634399191507,0.24714227053811705,-1.3241355899845884,-0.6135551571774772,-0.03894944130429206
13.103902578353882,-2.394707718360514,-1.1086730601372818,0.23935247186354483,-1.3242214217604107,-0.6138993819869476,-0.03892308059547774
13.309427738189695,-2.65954895691591,-1.2314515245255673,0.2315679452701041,-1.3242532326848029,-0.6139780463709509,-0.039018649710739706
13.507866621017456,-2.9243965575830173,-1.3542457216097201,0.22376430507342623,-1.324165307770586,-0.6141506628937579,-0.0392054054792614
13.704492092132568,-3.189226573469514,-1.477074441601405,0.21592331415259464,-1.3242649603903855,-0.6142465984699634,-0.0393735301510398
13.90283703804016,-3.4540765196507635,-1.5999223484876728,0.2080486986841052,-1.3243616999641932,-0.6144365293704662,-0.039389772677423635
14.10361099243164,-3.718945813524267,-1.7228082411171874,0.20017083474769787,-1.324391584525861,-0.6145182955863411,-0.039458152154982384
14.303794384002686,-3.983821084241367,-1.8457104868018095,0.1922792950730561,-1.324386641129126,-0.6145122427413744,-0.039564253725744625
14.50316286087036,-4.248695366290491,-1.96861152193136,0.18436653532830252,-1.3242703074807558,-0.6147228729221069,-0.03964812212140966
14.704009532928469,-4.513546381877515,-2.091554682612594,0.17643700209731877,-1.3240025430202413,-0.6147570144179518,-0.03975392618210179
14.904191493988035,-4.778343845188313,-2.214504671514469,0.16848630829755293,-1.3238645202315236,-0.6147250051778953,-0.03978159087262335
15.105904817581177,-5.043113704258828,-2.3374482586419565,0.1605300816233134,-1.3240217591978463,-0.6145422913005593,-0.03979452829305578
15.305440425872805,-0.7039814763961605,-0.3228173618616834,-0.11541391187053349,0.11034510034117018,0.050739098060227916,-0.11626498035626798
15.50522255897522,-0.6819127101289415,-0.3126696589529128,-0.13866664052465724,0.11007106851111961,0.050856526643606424,-0.11624584848880717
15.704062461853027,-0.6598987495974413,-0.30249847059756,-0.16191554284929338,0.11005348878458356,0.05082501174615882,-0.1161450893847347
15.90301513671875,-0.6378883049708138,-0.2923335851492104,-0.18514429358486761,0.110016788441657,0.050580738671503936,-0.11623309281063494
16.105825185775757,-0.6158852003283584,-0.2822175537539475,-0.2083906448032082,0.11017534292795335,0.05053247082281088,-0.11629469642321795
16.303935766220093,-0.5938503851533294,-0.27211117581740407,-0.23164931660237303,0.11015691772798049,0.05046630187668386,-0.11629977755147816
16.503918409347534,-0.5718192549759159,-0.26201803151789305,-0.254909004615503,0.11028327990577097,0.05042483101668833,-0.11637957833859489
16.704291582107544,-0.5497628526535856,-0.2519331812949954,-0.2781846526025092,0.1102185815127709,0.05047696582459688,-0.11624659385018911
16.905104637145996,-0.5277193898610448,-0.24183790423042958,-0.30143370399770736,0.11022566726809742,0.05035458652906869,-0.1161647915077639
17.107516527175903,-0.5056745099337364,-0.23176710274348894,-0.3246663951125712,0.1100581680136124,0.05021284440456099,-0.11619813111660879
17.303544759750366,-0.4836631294720657,-0.2217246493554336,-0.3479057540725208,0.1100701571829232,0.05020249922975184,-0.11615872666120373
17.50363540649414,-0.46164935120410866,-0.21168426497854548,-0.37113723223202216,0.11003985424347917,0.05006620802574349,-0.11610210151029109
17.702903985977173,-0.43964163345434165,-0.20167113852898028,-0.3943573854915826,0.11021136134894559,0.05006538188379167,-0.11605010686391168
17.90456223487854,-0.41759961467795903,-0.19165817730590526,-0.41756713994145833,0.11019931957946581,0.05009848929000111,-0.11602848802019262
18.10647702217102,-0.39556000422777554,-0.18163859467773757,-0.440772570672315,0.11013108488215491,0.0499550933020715,-0.11595270838160016
18.307589292526245,-0.3735340405601099,-0.17164769091733556,-0.4639628456497513,0.1101780066675696,0.049786112463689934,-0.1159547865809103
18.50831794738769,-0.35149869264328454,-0.1616905829359428,-0.4871535362622697,0.110270866084374,0.04975584334731332,-0.11596815265693423
18.705597400665283,-0.3294447730566811,-0.15173952870820437,-0.51034690005925,0.11021521355983221,0.04968801587397661,-0.11588755602127798
18.90413784980774,-0.3074019838469815,-0.14180203981912562,-0.5335241447144766,0.11018284897796414,0.0493962663130415,-0.11594261391647107
19.10496973991394,-0.2853656674792148,-0.13192290017119065,-0.556712400822105,0.11020178454592446,0.049097297897520265,-0.11595679015860558
19.30446696281433,-0.26332556404140917,-0.12210355351871284,-0.5799034921455541,0.11030837348146275,0.04901636909983523,-0.11595258469335477
19.505754947662357,-0.24126414306165744,-0.11230039243963046,-0.6030937423856259,0.11023748971404562,0.048726072728445355,-0.11587017421356018
19.706624269485477,-0.2192168986723518,-0.10255528996712523,-0.6262675107192882,0.1103455026327439,0.04857858334455273,-0.1158951552806186
19.904444217681885,-0.19714805194774335,-0.09283968503216321,-0.6494462752089042,0.110350015835412,0.04862914045664695,-0.11592913661675937
20.104220151901245,-0.17507830259298193,-0.08311396879106704,-0.672631835887589,0.11036507540701646,0.04834672736243259,-0.11584278309945654
20.30429244041443,-0.15300554135853764,-0.07344473451924498,-0.695800126061432,0.11026418426887505,0.04809652819773015,-0.11575341481133876
20.504422187805176,-0.132607057741114,-0.06470168804781234,-0.7567708942118707,0.11001328232086005,0.047737208519537694,-0.12123223038506517
20.70338535308838,-0.11060465431475366,-0.05515435614263569,-0.7810170614467509,0.11006212581561459,0.047589412887633166,-0.12121485629594976
20.9025776386261,-0.08859248230178568,-0.04563658302390023,-0.8052597539037696,0.11005193165228483,0.047384864440240974,-0.12128759947945571
21.103447437286377,-0.0665823490980364,-0.03615971912416828,-0.8295169948301754,0.10987840122345925,0.047297494606629006,-0.12123750969353896
21.30486941337585,-0.04460692158092079,-0.026700328990202336,-0.8537642179146075,0.1097641711072212,0.047068616107286645,-0.12129145879437551
21.506592512130737,-0.02265433982431599,-0.017286714029669206,-0.8780222306951205,0.1098087170467916,0.04687274862997184,-0.12117212912207809
21.702773332595825,-0.0006928489822557102,-0.007912272114090912,-0.9022563778156402,0.10980360263487665,0.046999063617497276,-0.12122228086174944
21.905455589294437,0.021267618989185066,0.0014874325084596601,-0.9265005551687417,0.10966622066483744,0.04685983201861407,-0.12125464803056443
22.104546546936035,0.0432006108826056,0.01085929113147546,-0.9507512058811598,0.10970522587828169,0.046813180382907466,-0.12122180076930532
22.304592847824097,0.06514140372900042,0.020221819534651783,-0.9749952872168769,0.10963996775760836,0.04678692796240866,-0.12128109158353398
22.50326418876648,0.08706914510135855,0.02957909751411064,-0.9992512265790668,0.1096757789474631,0.04663597391534754,-0.12128824674794386
22.70513272285461,0.10900404862931953,0.03890618503136155,-1.0235085969576814,0.109785888926235,0.046597629430985915,-0.12116305715697138
22.904484510421756,0.13096097389977468,0.04822560373993498,-1.0477409297060458,0.10963222732964925,0.04644237123442594,-0.12113411912491838
23.10671615600586,0.15288716720434448,0.05751397116630051,-1.0719674749145591,0.10978711269848615,0.04630051135468028,-0.12103470518142512
23.30367493629456,0.17484433722643508,0.066773966943004,-1.0961741375630323,0.10983490314580598,0.046167186192521976,-0.12099105655311107
23.503771543502808,0.1968110652280685,0.07600729799393251,-1.1203720705862374,0.10983149398891112,0.0460200533775303,-0.12094267701359103
23.704259634017944,0.2187771114061642,0.08521120282027786,-1.1445603278128147,0.1098358324518088,0.04609355565857457,-0.1208853844847231
23.90506720542908,0.2407440252668607,0.09442980793377197,-1.168737126665395,0.10980269558819084,0.046098972541542854,-0.12083892856489101
24.102432012557983,0.2627043118310506,0.10364949641140055,-1.1929046344408605,0.10980577600848135,0.045986289489807604,-0.12082427355458634
24.302822589874268,0.2846652144722134,0.11284664853786053,-1.2170692112479726,0.10989766973710977,0.0456987834358516,-0.12081318491646835
24.503093481063843,0.3066444956477402,0.12198630011481222,-1.2412315703529657,0.11007882501296064,0.04545060694490064,-0.12078452425778681
24.706106901168823,0.32866000746176816,0.13107631696439603,-1.265388197392144,0.11027244391204785,0.045501056950369746,-0.12072430430192056
24.904496908187863,0.3507142426102773,0.14017642369903532,-1.2895327805786587,0.11025418503484816,0.04551578039462746,-0.12069808480989166
25.107789754867557,0.3727648260253431,0.14927947508866127,-1.3136721199270742,0.11019053749253675,0.045778036510814434,-0.12070510456876174
25.304415464401245,0.3948026800783402,0.15843497709831822,-1.337812863211118,0.1101189064590788,0.04609459910928078,-0.1207708078729407
25.5048942565918,0.4168262080894018,0.16765379089955357,-1.3619667470048755,0.10999688128063806,0.04631553309457128,-0.12067684930712744
25.704330921173096,0.4388253313454412,0.17691679098968427,-1.3861018393015814,0.10981026358559226,0.046427168574044324,-0.12073366201909984
25.903099536895752,0.46078713149170447,0.1862021179189406,-1.4102482940100087,0.10985426579351677,0.0466210810163072,-0.1207103560697807
26.10421061515808,0.48275773197834465,0.1955262268906381,-1.4343900875821773,0.10965251357211696,0.046958201234713226,-0.12074900718593068
26.305712699890137,-0.07058100476689544,-0.013026797732377055,-0.8476668369931164,0.041665560866997506,0.020748420657209977,-0.004039764818917782
26.5075101852417,-0.06224798842703641,-0.008877161323672242,-0.8484747806651742,0.04162609014145521,0.02134095490379152,-0.004079037047075217
26.70444345474243,-0.05392286614150057,-0.004609019428519003,-0.8492905786925348,0.0414601999793071,0.021769942848431024,-0.004253266859602266
26.9039044380188,-0.04563092150683602,-0.00025508093113845495,-0.8501412222816607,0.041303055871642395,0.022272718175083927,-0.004281516229220674
27.104197025299072,-0.0373704053322626,0.004199411475156232,-0.8509975156797348,0.04119205715336922,0.02294362995033593,-0.004178886642493509
27.304126262664795,-0.029132088646039434,0.008788084693359947,-0.8518332833965183,0.04118011772810427,0.02341150130305888,-0.0042862790524281595
27.50370478630066,-0.02089615981740779,0.013470331105973257,-0.8526905293482792,0.04106186809688209,0.023856960036498433,-0.004338060609508967
27.70532274246216,-0.012683880643038626,0.018241668240689984,-0.8535581314923552,0.04086991808233181,0.02434680316205526,-0.0043138448320233745
27.90398144721985,-0.00450999103008181,0.02311097287384655,-0.854420890536632,0.04055219819116399,0.024868360301814715,-0.004311799712004109
28.10448670387268,0.003600355335418165,0.02808458773533916,-0.8552832405616088,0.04035865488570646,0.02530851716526184,-0.00419425680976197
28.30761671066284,0.011671993484989013,0.03314623295713135,-0.8561220822764937,0.04020706850431528,0.025812607738759555,-0.004169646662863327
28.506744623184204,0.019713314706940308,0.03830869513418149,-0.8569560020186038,0.04004034658357836,0.026048681895333384,-0.003981199128802496
28.70388698577881,0.027721291928215642,0.04351837159956025,-0.8577522326873435,0.03979333979440698,0.026547404550735485,-0.0038836816933586265
28.903838872909542,0.03567986835978862,0.0488277914489244,-0.8585289600932909,0.039729044883532516,0.026874075909360716,-0.0039225611932764155
29.10585570335388,0.043625585957069245,0.054202544818647905,-0.8593134633097965,0.039680842152434975,0.027393455642162577,-0.003982737912863825
29.303513288497925,0.051561663118999825,0.059681172940324115,-0.8601100017318092,0.03936498229572501,0.02795536416259726,-0.0040470417592352575
29.50400400161743,0.05943456903608693,0.06527218147366057,-0.860919400775193,0.03904640292909518,0.028300619099967488,-0.0040910768579243036
29.70360779762268,0.06724375981260165,0.07093224020036192,-0.861737606737031,0.03895147456057232,0.028707924715949466,-0.004050513606144307
29.903602838516235,0.07503396513375331,0.07667375911342986,-0.8625477001418113,0.03877711793202567,0.02899085796134064,-0.003959084966724502
30.10452175140381,0.0827892995302274,0.0824718640248109,-0.8633395080289994,0.038534076055410545,0.02941737479375385,-0.004025267259533402
30.306537866592407,0.09049602611039081,0.0883552713216577,-0.8641445522225256,0.03834423510075906,0.029657463927189223,-0.003996701859092223
30.5032160282135,0.09816478493627066,0.09428669589297073,-0.864943883401666,0.03810489224720082,0.029991083433677925,-0.004019399011059243
30.70366668701172,0.10578567574194322,0.10028484359823461,-0.8657477539589947,0.03787609923332009,0.03019463255900567,-0.004044216110315378
30.903806447982788,0.11336080847107868,0.10632370066038761,-0.8665565878790937,0.037757454063622284,0.030666903823808645,-0.00408037784041097
31.10388159751892,0.1209122124391663,0.11245701088924612,-0.8673726540620376,0.03756369661284067,0.030781083386322454,-0.003989512048961989
31.303998708724976,0.12842486536275252,0.11861315676798687,-0.8681705472956889,0.037421475961913114,0.031093560110229426,-0.004002806040527732
31.504552125930783,0.2939358801326679,0.06979696029633467,-0.7306620191695943,0.04740478163714246,0.027182111008534758,0.019530022991598273
31.709665298461918,0.3034167274259693,0.07523331997739192,-0.7267560594916167,0.04726286183734999,0.02748810881140755,0.019462179255428078
31.904545068740845,0.31286919108573713,0.08073087851520859,-0.7228636684048282,0.04719966996510613,0.027737752364626524,0.01944790132637458
32.10501337051392,0.32230901651640165,0.08627836518947239,-0.7189741328710101,0.04694995550268368,0.027959259282988872,0.019330577266482508
32.30298161506653,0.3316988996289414,0.09187015273792813,-0.7151080618793174,0.046904578795325745,0.028281798230366015,0.019329665721538325
32.50330901145935,0.341079707504379,0.09752644733399843,-0.7112421731945169,0.046882302985369974,0.02849921519816729,0.019421537976402135
32.704020500183105,0.3504560602690613,0.1032262248235556,-0.7073579102700559,0.046874606356694964,0.028735241014750088,0.019403834527851757
32.904425621032715,0.3598308737257113,0.10897320693355438,-0.7034771879945859,0.046623417015091685,0.02899658094385141,0.01937292346092441
33.108540534973145,0.3691554498917928,0.11477245642827433,-0.6996026478614039,0.04660289666121042,0.02921187174862453,0.019328644563387426
33.30602717399597,0.37847592203429614,0.12061476358876584,-0.6957369634058849,0.04635736378056983,0.02958426525099654,0.01926536829287079
33.50400352478027,0.3877472881654132,0.12653154859320212,-0.6918839340589296,0.046231161557262083,0.029962426827255823,0.01930649740408738
33.70269989967346,0.3969934141421422,0.13252396504309366,-0.6880226789843306,0.04624113899443626,0.03005415274381869,0.01944253385944489
33.90550994873047,0.4062415355833572,0.1385347264653221,-0.684134216931553,0.04611795380270416,0.030489945182393802,0.019455360761399962
34.102490186691284,0.4154650202695599,0.1446326453729142,-0.680243189527887,0.04615521711017541,0.03068996338766444,0.01945315151337856
34.30408883094788,0.42469595753154876,0.15077056746150536,-0.676352603968744,0.04589845610761519,0.030965870700036355,0.0194814788341137
34.50326442718506,0.43387554318359284,0.15696367037796585,-0.6724563530106086,0.04588765598633805,0.031210049729906455,0.019447338609930295
34.70476722717285,0.44305296883622247,0.16320560853877247,-0.6685669300187851,0.04586181256773367,0.0316570741222135,0.01932636381401142
34.90799355506897,0.4522252258645728,0.1695369505498549,-0.6647017017078953,0.04578399359335387,0.03192729016029029,0.01940992831414691
35.10624146461487,0.461381919277036,0.17592233514703798,-0.6608197606891824,0.04571552410250499,0.032140022194508525,0.019445336469268
35.30552673339844,0.4705249189488137,0.18235026566176696,-0.6569307381208863,0.04573948743900215,0.03236753979395971,0.019421909767139867
35.50350284576416,0.4796727112327736,0.1888236991730807,-0.6530464008391329,0.045736373597997516,0.03252212248177055,0.019497601292853953
35.704466819763184,0.37773527999088446,0.1839456094859932,-0.6509171459906675,0.03672563157551945,0.031150420454781762,0.022384054317593004
35.90253686904907,0.3850803218346113,0.19017562192892618,-0.6464403866119515,0.036382795367027584,0.03143442727370891,0.022314694225122073
36.10360240936279,0.39235679722518574,0.19646243508241013,-0.6419774990921968,0.03603084022841843,0.031904402053451325,0.02235420886063538
36.30369853973389,0.3995628823975584,0.20284324211086954,-0.6375067087362258,0.035733363002952594,0.032326252525127594,0.02238869498346641
36.50334119796753,0.4067094728090551,0.20930841826338029,-0.6330290212350089,0.03560884798881004,0.03258838766749438,0.022363831185292973
36.70298886299133,0.4138311605041161,0.21582602084143626,-0.6285563064362384,0.03533855899460128,0.032901843567793125,0.0225107349936806
36.90391325950623,0.4208987910220179,0.22240631387858273,-0.6240542112136788,0.035186303842871365,0.03326912046688176,0.02252910543705404
37.10591530799866,0.42793597085977053,0.2290600614507858,-0.6195484419446977,0.03511805578500986,0.03372958340584387,0.02238401468953143
37.30979609489441,0.4349595012429259,0.23580590055168615,-0.6150716904915029,0.03482237879321578,0.03419930100471627,0.022402848603934402
37.504119634628296,0.4419238969077991,0.24264568209197948,-0.6105911722987467,0.034755770815360514,0.034528707881270444,0.022423624511899373
37.70403599739075,0.448874971130304,0.2495513442499261,-0.6061064989721835,0.03458894948175351,0.034867787936187014,0.022447291884063247
37.90275359153748,0.4557926814697876,0.2565248216389495,-0.601617092225624,0.03450688883852548,0.035102123866946854,0.022523740130817194
38.1043758392334,0.46269397986937044,0.2635451656751368,-0.5971123960055497,0.034498587269856565,0.035458454021579884,0.022592708544555185
38.30366182327271,0.46959361797431365,0.2706367749226678,-0.5925939062613597,0.03407273365814017,0.03589428691630844,0.022586904739032874
38.50317215919495,0.476408086336405,0.2778155497467001,-0.588076577264925,0.03378440871050141,0.035981920074591556,0.022630965612742485
38.70525550842285,0.48316489037213506,0.28501185100082693,-0.5835504361950914,0.03355912977983495,0.03622567355492875,0.02270432060934307
38.904470682144165,0.4898766391398882,0.2922569023903721,-0.579009624294659,0.033236996778982605,0.0367803902718804,0.022675332864350334
39.10530996322632,0.49652396204839805,0.29961289584742257,-0.5744746098765514,0.033146161182970944,0.037377620615935754,0.022591671529479853
39.30439901351929,0.5031531180466334,0.3070883339996149,-0.5699563275329913,0.03296844149695561,0.03755305036429836,0.022686804698103413
39.50425028800965,0.5097467305164327,0.31459885769797974,-0.565419018774519,0.03299660237331473,0.03773625244497515,0.02267344271871332
39.70409202575684,0.516345975096732,0.32214602139110304,-0.5608843823811914,0.03273543890146621,0.03809206153776492,0.02258347935518697
39.90342950820923,0.5228929875833548,0.3297643460843999,-0.5563677384536474,0.03266885226661697,0.038486653233608364,0.022626196580350914
40.10411095619202,0.5294266828961613,0.3374615882092785,-0.551842551179323,0.03256927031827569,0.038748670369476844,0.022569582029132892
40.3062117099762,0.5359404620483448,0.34521123315867414,-0.547328686685025,0.03255219131089406,0.038907092020070665,0.022535704335125382
40.50356459617615,0.5941730016398244,0.06410708316719649,-0.5643146676600502,0.03171461372372726,0.023650904053424696,0.02403813326385554
40.70457649230957,0.6005158514388648,0.06883720957924083,-0.5595070962965725,0.031836360389038955,0.023747693743101497,0.024008787798791915
40.90251541137695,0.606883050290942,0.07358669370659786,-0.554705393958611,0.03167114203884621,0.0239606534178245,0.023981816970259397
41.103893756866455,0.6132172058529939,0.07837876927907818,-0.5499090857243212,0.03163344878485879,0.02402330066907294,0.023984969221414996
41.30588364601135,0.6195438228509452,0.08318337415771537,-0.5451121470470507,0.03151753280175785,0.024135499941631115,0.023952402791813536
41.50415802001953,0.6258472569188908,0.08801041863279846,-0.5403217215807956,0.03142279370499868,0.02431934259283666,0.02386124897969931
41.70429730415344,0.6321317433853907,0.09287423121527243,-0.5355495266673036,0.03121145687645612,0.024424254391269818,0.023742558135159266
41.90246343612671,0.6383739629722707,0.09775902591612896,-0.5308010696497227,0.03125691754522411,0.024707774517599618,0.02364940554639004
42.10364508628845,0.6446252745883417,0.10270052399013646,-0.5260712429356387,0.031205140942930348,0.02485940788789935,0.023650701126514562
42.30629920959473,0.6508662310030436,0.10767234838943714,-0.5213411571085096,0.031218313786205584,0.02514393988261483,0.02359674023200735
42.50766468048096,0.6571098219561022,0.11270107853323853,-0.5166218633361683,0.03114072797765824,0.025232356190579706,0.023666630850599602
42.7022852897644,0.6633378959259039,0.11774749173526956,-0.5118885916008616,0.03104658559726385,0.025357551956993945,0.023710092602215658
42.904850482940674,0.6695471416361602,0.12281894380262491,-0.5071466276151967,0.03101143530264753,0.025533546557626317,0.023573114536513947
43.1051824092865,0.6757493573683414,0.12792559438530754,-0.5024320589276134,0.030893102092312826,0.02573714771026154,0.023549233674442168
43.30414962768555,0.6819279067306298,0.13307296473022112,-0.49772226635751704,0.03086141069419991,0.025843202614376438,0.023555608870410097
43.50590991973877,0.6881001178861879,0.1382415458120244,-0.4930111987628904,0.03086256284473117,0.025794016710802004,0.02361512112722501
43.704270362854,0.6942725594692022,0.14340028982624364,-0.4882882288537829,0.03081474714814586,0.02576646366024524,0.023659914857233205
43.902793884277344,0.7004354380228788,0.14855352329372534,-0.4835563003017023,0.030977347594728307,0.025691305532065663,0.023628745081455623
44.10377621650696,0.7066308362918801,0.15369172530843977,-0.4788306056330847,0.030975589761201423,0.02578532421610026,0.023567786701122702
44.307392597198486,0.7128258829982191,0.15884873084371195,-0.47411710250032535,0.03086392199373817,0.02588066180697057,0.02352101318155184
44.50430226325989,0.7189985964079088,0.16402480367787545,-0.469412953963898,0.030862901040820536,0.025902811613466227,0.02358050249627373
44.70379161834717,0.7251711056293632,0.16920530642239207,-0.46469690770135563,0.030860976575379357,0.025925747229120246,0.023519756198027056
44.90364289283752,0.7313432299621556,0.17439039623728605,-0.4599930105587421,0.030849886069497907,0.026125510519054315,0.02337781953765844
45.10298585891724,0.7375131362192807,0.1796154382506981,-0.4553175004217386,0.03093771787015046,0.02599122189371337,0.023447074666549148
45.30532002449036,0.7437006086345174,0.18481362284791464,-0.4506281394182483,0.030946482344656235,0.026010295517493637,0.023289836725456647
45.50379633903504,0.5817476019360003,0.41536761707788333,-0.38854388215920665,0.01595865671919685,0.033036595895194296,0.030213688816773207
45.70213484764099,0.5849392965738757,0.4219748602705708,-0.3825012138893308,0.015810586379968312,0.03281754121465972,0.03021153542540372
45.90500450134277,0.588101377484477,0.42853829303099156,-0.37645897629277586,0.015884088687305058,0.032791126916521654,0.03034501515556658
46.10438370704651,0.5912781586874855,0.43509644299253936,-0.3703900430572006,0.015902753212061107,0.032638874402205816,0.030399630310178324
46.30401611328125,0.5944586727525155,0.4416241428014148,-0.3643101869163214,0.01597575501103164,0.032561004575311935,0.030432632611308436
46.5045211315155,0.5976537870094307,0.44813626882401725,-0.35822373039112365,0.016052501439652207,0.03225323161315658,0.030471429776182134
46.70486855506897,0.6008642503755481,0.45458684096208674,-0.3521295145221872,0.016202917059401363,0.03215054655680869,0.030582950802453282
46.90436673164368,0.6041047965196495,0.46101687632506905,-0.3460129947045023,0.01618392509304514,0.03199698983658008,0.030505741978065305
47.1050341129303,0.6073415443141625,0.4674162006971962,-0.33991191647410957,0.016231863713553403,0.03183366436894776,0.030507230879056137
47.30589127540589,0.6105878797225152,0.4737828603514562,-0.33381054046694325,0.016313512660835534,0.03166731737703571,0.03060226196782531
47.50335431098938,0.6138505447325262,0.4801162509899429,-0.32769015846060084,0.016319410258016444,0.03152386180633881,0.03053572564202931
47.702110290527344,0.6171143892484086,0.4864209508442475,-0.3215830835663797,0.016190844005817336,0.03141380633441399,0.030463284807752275
47.90343499183655,0.620352520809562,0.49270363985730203,-0.3154904966723953,0.016217614991920794,0.0312673607761284,0.030439402242555938
48.103880167007446,0.6235960065063612,0.4989570400955339,-0.3094026862365187,0.016273687665565625,0.03121321418147063,0.030503464796961484
48.30483841896057,0.6268507066089184,0.505199611139375,-0.303302063437109,0.01625705423413553,0.031191957409225455,0.030495052916688782
48.50359010696411,0.6301020800634476,0.5114379308776589,-0.29720312299440604,0.016255084081098114,0.031124592446925437,0.030551900788483057
48.70418858528137,0.6333530594919008,0.5176627777784267,-0.2910928131080981,0.016368340760234863,0.031051763532628177,0.03053574020524641
48.90318465232849,0.6366266899956835,0.5238730590638464,-0.28498573530126703,0.016600300435315386,0.03081093955405185,0.03050644334795174
49.10322546958923,0.6399467119009598,0.5300351761074619,-0.27888451679851023,0.016671783125886967,0.03054933957544669,0.030548016077372803
49.30620121955872,0.6432810301799354,0.5361449737570535,-0.2727749838454892,0.01683974753894348,0.03029342692213468,0.030502791845348286
49.50607681274414,0.6466489409551931,0.5422035894645988,-0.2666744956348544,0.016963040608898344,0.030055863373674982,0.03047612346126232
49.70845365524292,0.6500415100608595,0.5482146930088639,-0.2605793410396977,0.01709668815220424,0.029890728402470933,0.03044177171159808
49.90354013442993,0.653460808367789,0.5541927699387096,-0.25449105671546257,0.017292037059720582,0.029696221037151235,0.03047745337528041
50.10340428352356,0.6569191760069063,0.5601319458428711,-0.24839563614056118,0.017298414733536292,0.0295748122524953,0.030458152106293386
50.30531406402588,0.6603788191661177,0.5660468402693496,-0.242304075775063,0.01744888832382442,0.029370241828156396,0.030445074061472496
50.503995180130005,0.6638685566972876,0.5719208210814859,-0.23621513098844862,0.017624969282400038,0.029206388893133376,0.03054841571162989
50.703593730926514,0.5881792482917656,0.3732573629415863,-0.4134276583315148,0.010486631750607957,0.016507150490714523,0.021403002781545916
50.90285229682922,0.590276550521942,0.3765587550721934,-0.4091471070035249,0.010422496234830575,0.016531128000338846,0.02143946307259265
51.10254859924317,0.5923610257964786,0.3798649426495755,-0.40485926370118674,0.010506668452285525,0.016510782710132284,0.021451977227692477
51.30747437477112,0.5944623353209048,0.38316706121571176,-0.400568917596612,0.0105275773344615,0.016443748193104058,0.02153992134434594
51.50446009635925,0.5965678265736742,0.38645577303262624,-0.3962609828709838,0.010462642879066238,0.016303088422164855,0.021657367997036957
51.70384907722473,0.5986603310847182,0.3897163532188796,-0.39192955908495253,0.010596606534800788,0.016187742492114382,0.021684249636441437
51.90388059616089,0.6007796280187838,0.39295386448442615,-0.3875927590328698,0.010711556005816456,0.015997866921407963,0.021762711335936893
52.10346364974976,0.6029219145826612,0.39615340107255775,-0.38324026682135515,0.010752811433783526,0.01581599605683406,0.02182259941969972
52.303040981292725,0.6050724521372418,0.39931656390608955,-0.37887579713083447,0.0108053083003606,0.01572245401541612,0.021827992081999842
52.50437831878662,0.6072334889443916,0.40246101854649063,-0.37451024892025725,0.010821465285151427,0.015639443779681697,0.021847350533823494
52.704020738601685,0.6093977571113374,0.4055888713306739,-0.370140829063841,0.010867359463173892,0.015618330196975465,0.021708577139100238
52.905524492263794,0.611571204008328,0.40871250144687854,-0.3657991635671814,0.010911076500789927,0.015427770648028458,0.02170392623869214
53.10400772094727,0.6137533942122897,0.41179802009159333,-0.36145842823990604,0.010997448941968125,0.015349486249130627,0.021727790642339588
53.30480098724365,0.6159528587058247,0.4148678820365878,-0.3571129200867909,0.011072178084035112,0.015226518146849732,0.021640976112243502
53.50408434867859,0.6181672688558912,0.41791315064396084,-0.35278477464001584,0.011227932198735559,0.015048407484806308,0.021774251973257677
53.70343780517578,0.6204128294706531,0.4209227975285915,-0.3484299743275812,0.011129920465431754,0.015006986981297633,0.02168439139446777
53.90186619758606,0.6226387879641877,0.42392416040779035,-0.3440931459242193,0.01109462080686533,0.014915622554215125,0.021678200832537315
54.10380792617798,0.6248576866072005,0.42690725061171686,-0.3397575556190048,0.011077154311248815,0.014826134152576055,0.021749986079434524
54.3025062084198,0.6270730919912642,0.42987244334114477,-0.33540760842952166,0.011102167480158678,0.014680436762807,0.021779732024932056
54.5074770450592,0.6292934999515778,0.4328084969277325,-0.3310517121193567,0.01119832687839235,0.014595005464613127,0.02184545996396428
54.70325970649719,0.6315331395703652,0.4357274644511791,-0.3266826703725638,0.011498647347204426,0.01427042407377204,0.021882522391000296
54.90448641777039,0.6338328425921581,0.43858151644301613,-0.3223062162256098,0.011743986246242013,0.014096695935506146,0.021906403453267383
55.1038339138031,0.6361816128294628,0.44140082320678614,-0.3179249859211304,0.011901144525974414,0.013889279339462495,0.02191774945209893
55.30829405784607,0.6385618143612397,0.44417864712841926,-0.3135414864429812,0.011974389797208437,0.013596815367155643,0.022007252202886442
55.50345945358277,0.6409566647787944,0.4468979789282775,-0.3091400866205367,0.012254284128834373,0.01322027158194401,0.021957769066171175
55.70370078086853,0.6637088490805448,0.4386046812911318,-0.0901972411304828,0.007578964007201072,0.008213964854166228,0.036282120839017246
55.90594410896301,0.6652246244498675,0.44024745536930365,-0.08294090041395238,0.00800338757055071,0.007664614660233931,0.036398482993069504
56.10358762741089,0.666825283555658,0.44178036067223075,-0.07566128753425215,0.008245925674211224,0.007210324481163814,0.03639737107463256
56.303539752960205,0.6684744497243268,0.44322240898424126,-0.06838189703568182,0.008522553198060914,0.006778760472448258,0.03642642992672153
56.504962682724,0.670178940761504,0.4445781454871343,-0.061096694833530966,0.008888459493479788,0.006376405671306883,0.036479392158795275
56.70412302017212,0.6719566122161563,0.4458534119552417,-0.053800900306782,0.009181750144089415,0.005912315481302269,0.03646744947806924
56.90403079986572,0.6737929411263428,0.44703586145278623,-0.04650749428870929,0.009405092509604038,0.0054192400555827,0.036427462887692066
57.10367226600647,0.67567393799593,0.4481196969992929,-0.039222085496740215,0.00973413840820439,0.005193991408305959,0.03647502096877747
57.303870677948,0.6776207432884099,0.449158483334431,-0.03192716519794078,0.009856103004890903,0.0048946527071848265,0.03645737349393786
57.50414443016052,0.6795919412197006,0.45013740261784363,-0.024635774353518918,0.010240961611846577,0.0045806763789107375,0.03655491376542494
57.70340180397034,0.6816401099871822,0.4510535273577677,-0.0173248756791487,0.010443420834891649,0.004096625901365879,0.036543922155255044
57.90459227561951,0.6837287701336031,0.4518728431155309,-0.010016175301531031,0.010369097307466922,0.0038117289968602813,0.036444523372544536
58.104533195495605,0.6858025657454881,0.4526351801476746,-0.0027273544518317035,0.0105504763419101,0.0033315776067528668,0.036419756273516755
58.30617952346802,0.6879126367470781,0.45330148800617676,0.004556513035028031,0.010899675368355613,0.0030324663803813446,0.036546427426393524
58.50512361526489,0.6900925467507764,0.45390797430738017,0.011865714461111105,0.011090961524038342,0.002627615466579376,0.03654911622568116
58.70331501960754,0.6923107135456403,0.454433491357007,0.019175453640867292,0.011328615800495751,0.0022190558678916736,0.03655477039357324
58.90430736541748,0.6945764106491753,0.45487729742661037,0.026486323641196935,0.011703317132817623,0.001891216322729681,0.03652918558642738
59.10236072540283,0.6969170471573368,0.45525553634123395,0.03379207673894415,0.011857016024884736,0.0016928035319249328,0.03658579548251977
59.3036322593689,0.6992884230903942,0.4555940931540591,0.04110915168570335,0.012069345482885043,0.0013332366153135488,0.03652645342589974
59.5031099319458,0.7017022644266798,0.4558607374105896,0.04841435835762919,0.012089614991128157,0.0010683345586150416,0.036542381020232925
59.703776836395264,0.7041201596179929,0.4560744018650726,0.05572275051178714,0.012360329823927943,0.0007862047165795418,0.03653583942298637
59.90640330314636,0.706592197153204,0.45623164100006575,0.06302983436154189,0.012433116841752703,0.0005928366679116581,0.036530316966964224
60.10479545593262,0.709078791924565,0.4563502069700846,0.07033581373279423,0.012571082669411869,0.0004627128953301939,0.036622681192222555
60.30361986160278,0.7115929795441274,0.4564427484848804,0.07766026573665441,0.01277864606932017,9.782223743357173e-05,0.03675237215756237
60.50210785865784,0.7141486793662619,0.45646231270736953,0.08501065563528477,0.012948388001345831,-0.00017643052478509384,0.03676456943297855
60.70293188095093,0.7167383271843839,0.45642702700821436,0.09236348496094383,0.01317211745034139,-0.0003968209661072298,0.03677288646267007
60.90235495567322,0.7193727203777125,0.45634766372770735,0.09971797767341148,0.013459064375315265,-0.0006986649907960694,0.036833111860884754
61.1032977104187,0.722064502296039,0.45620793233652374,0.10708451532699967,0.013697647287595009,-0.0010795844292366473,0.03678978896170081
61.304070472717285,0.724804000248065,0.45599201793379185,0.1144423885003966,0.013937034105475508,-0.0014463726612480895,0.03669471423544291
61.50503087043762,0.7275913750130616,0.4557027467282948,0.1217812469472201,0.014053243469481934,-0.001799449806447516,0.03667580969907872
61.70395660400391,0.7304019913835703,0.4553428609058586,0.12911632453025246,0.014304952468103711,-0.0020735866195961948,0.03666422753596199
61.90359044075012,0.6294487200096262,0.47213541379884605,-0.020227970915979332,0.00802479328643841,-0.002965352677293253,0.02883901235954541
62.10279202461243,0.6310536602093595,0.47154235008389433,-0.014460234775702435,0.008074711198362653,-0.003170900628710459,0.028754422042327477
62.303863286972046,0.6326685838766632,0.470908177251433,-0.00870941650430581,0.008339770669872206,-0.003439892209688159,0.02856402196075646
62.50443291664124,0.6343365188286146,0.4702202067214746,-0.0029966778112906324,0.008668055257179844,-0.0035261155135476066,0.02864780923544227
62.70668292045593,0.6360701099429513,0.4695149917290635,0.002732818143945444,0.008870487873211165,-0.003842216839379216,0.02866435734099852
62.90669798851013,0.6378441871148859,0.46874655719854,0.008465623682231034,0.009121907755860354,-0.0040453576111537815,0.028582782682476913
63.103861808776855,0.639668547685068,0.4679374949808988,0.014182114476439404,0.009224209775130004,-0.004311392365061369,0.028860587563989223
63.30408883094788,0.6415133684238026,0.4670752264243736,0.01995416560798067,0.009398338823666882,-0.004391914619268745,0.028897084909828587
63.504136085510254,0.6433930145717363,0.4661968536022134,0.0257335161247435,0.009517166855752183,-0.004457945555915688,0.02886060478722839
63.70366287231445,0.6452964260527747,0.4653052747445993,0.031505570700892986,0.009710925617896299,-0.004569868727319782,0.02886963692202645
63.90362071990967,0.647238588840584,0.46439131151013513,0.037279431683227574,0.009875961892647254,-0.004655881283676497,0.02880647709768949
64.10372877120972,0.6492137585037492,0.4634601459622341,0.043040660845966534,0.010034570278971906,-0.004795944341923324,0.028802093136641813
64.30279922485352,0.6512206494793695,0.46250096812483804,0.048801013226579364,0.010135907984274094,-0.004814150640186585,0.028763027544527718
64.50531315803528,0.6532478077629669,0.461538149069665,0.054553552578622815,0.010416143539208889,-0.005001279894245464,0.028695235566704058
64.70456743240356,0.6553310125129909,0.46053790459408983,0.06029253369102756,0.01051340209733415,-0.005140074395703029,0.02866488736000655
64.9074923992157,0.6574336687509389,0.45950990153745963,0.06602544523189567,0.010513673497611249,-0.0052917260263034395,0.028574888782924742
65.10318303108215,0.6595363792683181,0.45845156850351815,0.0717403572643501,0.0105515739030759,-0.005361425854693114,0.028450169842956514
65.3033185005188,0.6616466697796167,0.4573792956642129,0.07743032579567267,0.010709242394477257,-0.005446721119698191,0.02851671654006885
65.5037214756012,0.6637884936265477,0.4562899639680914,0.08313360351335593,0.010831047595180285,-0.005575580614198617,0.028557805742772283
65.70535278320312,0.7048175366552203,0.31355771108365893,0.12551816845151686,0.006219854346611151,-0.016883043903413573,0.027638002114415965
65.90367889404297,0.7060614932184669,0.3101811411350917,0.1310457053051707,0.006413770071312509,-0.0168574116244484,0.027697433898228235
66.1089518070221,0.7073442324806348,0.3068096975833616,0.13658512837888998,0.0065929623688596424,-0.016919782439998546,0.02770823977097845
66.30486345291138,0.708662809790158,0.3034257800119784,0.14212671260230508,0.006722786430865343,-0.017091176907216496,0.02780290825028804
66.5044617652893,0.7100073516134785,0.3000075839413702,0.14768723030383835,0.006807366529082508,-0.017057599563927252,0.02781985184467167
66.70384335517883,0.7113688092619026,0.2965961032621898,0.15325113668527696,0.006623874317977902,-0.016992465575010347,0.027774196734304153
66.90396690368652,0.71269356889015,0.2931976492309803,0.15880591214965184,0.006431382623280766,-0.016790619670089622,0.02766808331048818
67.10304260253906,0.7139798306222016,0.289839563916496,0.1643394651733314,0.006510898831985551,-0.016688219175450943,0.027574433556492244
67.30356550216675,0.7152819954131016,0.2865019584654116,0.16985428846161238,0.0066617307883827135,-0.016764152006515133,0.02768319492989313
67.50389671325684,0.7166143262483575,0.28314916662276485,0.1753908637744152,0.006499477454605835,-0.01662632071436783,0.027623517466944594
67.70429134368896,0.7179142067900515,0.2798239407215265,0.18091550373189044,0.006423354802111689,-0.016595365112386073,0.027563945347385897
67.90577411651611,0.7191988629763337,0.27650490586948456,0.18642822940247375,0.006308893036675176,-0.016420858181716336,0.027450175825737028
68.10250496864319,0.7204606270727983,0.27322077200219913,0.19191820143040467,0.006307037423784663,-0.016265443321689322,0.027493290294948437
68.30403661727905,0.7217220200509529,0.26996772074945463,0.19741679625301176,0.0062857674604557085,-0.016161852281730678,0.02751071662651309
68.50448226928711,0.7229791590853639,0.26673538746643566,0.20291887630185007,0.006279030734577968,-0.01605298294383569,0.027460404829162767
68.70534682273865,0.7242349507900944,0.263524827800589,0.20841089410693878,0.006103219895587831,-0.015877032165424167,0.027419639465833902
68.9030532836914,0.7254555807314033,0.2603494578857262,0.21389475893312473,0.005907190379579273,-0.015660677172637773,0.027371982732017647
69.1024420261383,0.7266370052203913,0.25721735847179,0.21936909252216108,0.005626466044611055,-0.015574445405377342,0.027315336310731797
69.303640127182,0.7277622854880702,0.25410250521296707,0.22483209695723075,0.005551621696615177,-0.015488174621420053,0.027144583472722285
69.50287222862244,0.7288725970582969,0.2510049059125071,0.2302609512174413,0.005405113362378951,-0.015276557085087383,0.027099292721632317
69.70547580718994,0.7299536072986551,0.2479496296325794,0.2356807474316056,0.005323087756276562,-0.015132119058301618,0.027205724099527564
69.90663027763367,0.7310182126064572,0.24492324062579185,0.24112182967654974,0.005224557699987457,-0.015020751719804992,0.02718953345194873
70.1033685207367,0.732063112129627,0.24191912483055136,0.24655967382921767,0.005094193010189577,-0.014921302036797347,0.027216914821750447
70.30334997177124,0.7330819390146848,0.2389348987431716,0.252002994192867,0.005153936941779464,-0.014859985953346335,0.02715916183224983
